id,timestamp,latitude,longitude,location_name,frc,currentSpeed,freeFlowSpeed,currentTravelTime,freeFlowTravelTime,speed_ratio,delay_time,date,time
1,2025-04-03 19:21:51,24.5655,78.9454,"Agra Fort, India",FRC1,30,36,623,715,0.83,-92,2025-04-03,19:21:51
2,2025-04-03 19:21:51,25.4007,80.5894,"India Gate, Delhi, India",FRC3,21,25,1606,885,0.84,721,2025-04-03,19:21:51
3,2025-04-03 19:21:51,21.6733,82.3548,"Mumbai, India",FRC2,40,43,1635,520,0.93,1115,2025-04-03,19:21:51
4,2025-04-03 19:21:51,22.61,77.6025,"Bangalore, India",FRC1,17,27,1873,1077,0.63,796,2025-04-03,19:21:51
5,2025-04-03 19:21:51,15.84,77.7885,"Chennai, India",FRC3,32,20,413,245,1.6,168,2025-04-03,19:21:51
6,2025-04-03 19:21:51,17.5327,84.02,"Kolkata, India",FRC4,11,28,703,440,0.39,263,2025-04-03,19:21:51
7,2025-04-03 19:21:51,22.2492,78.6433,"Lucknow, India",FRC1,37,50,713,704,0.74,9,2025-04-03,19:21:51
8,2025-04-03 19:21:51,17.2522,85.642,"Bhopal, India",FRC2,34,41,1919,177,0.83,1742,2025-04-03,19:21:51
9,2025-04-03 19:21:51,28.7251,86.8254,"Chandigarh, India",FRC2,27,38,594,1486,0.71,-892,2025-04-03,19:21:51
10,2025-04-03 19:21:51,27.9302,84.0409,"Taj Mahal, India",FRC4,26,35,433,1791,0.74,-1358,2025-04-03,19:21:51
11,2025-04-03 19:26:51,15.795,85.3359,"Agra Fort, India",FRC1,21,39,542,75,0.54,467,2025-04-03,19:26:51
12,2025-04-03 19:26:51,20.0463,76.673,"India Gate, Delhi, India",FRC1,39,46,701,1695,0.85,-994,2025-04-03,19:26:51
13,2025-04-03 19:26:51,25.2291,84.0901,"Mumbai, India",FRC3,37,36,824,1119,1.03,-295,2025-04-03,19:26:51
14,2025-04-03 19:26:51,17.4166,72.0294,"Bangalore, India",FRC3,37,48,1172,212,0.77,960,2025-04-03,19:26:51
15,2025-04-03 19:26:51,21.3151,78.3112,"Chennai, India",FRC1,28,25,796,595,1.12,201,2025-04-03,19:26:51
16,2025-04-03 19:26:51,26.3357,86.0968,"Kolkata, India",FRC4,27,36,518,1502,0.75,-984,2025-04-03,19:26:51
17,2025-04-03 19:26:51,26.0488,73.9038,"Lucknow, India",FRC2,34,36,1694,832,0.94,862,2025-04-03,19:26:51
18,2025-04-03 19:26:51,18.8337,86.252,"Bhopal, India",FRC2,33,31,1457,157,1.06,1300,2025-04-03,19:26:51
19,2025-04-03 19:26:51,15.4077,87.1119,"Chandigarh, India",FRC3,34,40,832,239,0.85,593,2025-04-03,19:26:51
20,2025-04-03 19:26:51,25.6737,83.9778,"Taj Mahal, India",FRC2,24,32,1833,1370,0.75,463,2025-04-03,19:26:51
21,2025-04-04 07:33:14,16.717,79.6208,"Agra Fort, India",FRC4,16,50,447,934,0.32,-487,2025-04-04,07:33:14
22,2025-04-04 07:33:14,20.296,84.3348,"India Gate, Delhi, India",FRC1,10,41,519,284,0.24,235,2025-04-04,07:33:14
23,2025-04-04 07:33:14,19.778,72.2011,"Mumbai, India",FRC4,31,38,1095,202,0.82,893,2025-04-04,07:33:14
24,2025-04-04 07:33:14,16.6465,83.0155,"Bangalore, India",FRC1,38,46,1530,189,0.83,1341,2025-04-04,07:33:14
25,2025-04-04 07:33:14,21.222,81.7908,"Chennai, India",FRC4,23,50,1427,797,0.46,630,2025-04-04,07:33:14
26,2025-04-04 07:33:14,13.7363,80.3443,"Kolkata, India",FRC4,13,25,1283,179,0.52,1104,2025-04-04,07:33:14
27,2025-04-04 07:33:14,15.8906,76.7873,"Lucknow, India",FRC2,37,27,1971,570,1.37,1401,2025-04-04,07:33:14
28,2025-04-04 07:33:14,22.5459,72.6172,"Bhopal, India",FRC4,10,29,422,1148,0.34,-726,2025-04-04,07:33:14
29,2025-04-04 07:33:14,12.5642,74.2423,"Chandigarh, India",FRC1,38,30,1256,589,1.27,667,2025-04-04,07:33:14
30,2025-04-04 07:33:14,14.1383,76.9317,"Taj Mahal, India",FRC2,31,39,298,1182,0.79,-884,2025-04-04,07:33:14
31,2025-04-04 07:38:13,12.4009,87.772,"Agra Fort, India",FRC1,10,24,1839,220,0.42,1619,2025-04-04,07:38:13
32,2025-04-04 07:38:13,26.7857,74.3551,"India Gate, Delhi, India",FRC4,10,42,934,1123,0.24,-189,2025-04-04,07:38:13
33,2025-04-04 07:38:13,23.2967,84.9103,"Mumbai, India",FRC3,22,47,1339,1793,0.47,-454,2025-04-04,07:38:13
34,2025-04-04 07:38:13,24.7806,86.2875,"Bangalore, India",FRC2,10,21,662,1710,0.48,-1048,2025-04-04,07:38:13
35,2025-04-04 07:38:13,18.5536,72.4948,"Chennai, India",FRC2,29,48,1447,967,0.6,480,2025-04-04,07:38:13
36,2025-04-04 07:38:13,20.0487,78.8781,"Kolkata, India",FRC2,11,42,1919,584,0.26,1335,2025-04-04,07:38:13
37,2025-04-04 07:38:13,14.8713,83.2476,"Lucknow, India",FRC2,24,37,1112,702,0.65,410,2025-04-04,07:38:13
38,2025-04-04 07:38:13,25.6684,73.2939,"Bhopal, India",FRC1,35,24,721,418,1.46,303,2025-04-04,07:38:13
39,2025-04-04 07:38:13,18.1093,79.5272,"Chandigarh, India",FRC2,36,38,362,466,0.95,-104,2025-04-04,07:38:13
40,2025-04-04 07:38:13,19.3988,83.5789,"Taj Mahal, India",FRC4,17,25,1405,1533,0.68,-128,2025-04-04,07:38:13
41,2025-04-04 07:43:11,29.8566,74.7283,"Agra Fort, India",FRC1,35,33,142,1235,1.06,-1093,2025-04-04,07:43:11
42,2025-04-04 07:43:11,14.4435,82.907,"India Gate, Delhi, India",FRC3,36,40,1964,792,0.9,1172,2025-04-04,07:43:11
43,2025-04-04 07:43:11,22.1073,79.0343,"Mumbai, India",FRC3,23,49,123,328,0.47,-205,2025-04-04,07:43:11
44,2025-04-04 07:43:11,14.3734,80.2701,"Bangalore, India",FRC3,36,42,208,71,0.86,137,2025-04-04,07:43:11
45,2025-04-04 07:43:11,22.161,75.587,"Chennai, India",FRC2,15,20,1599,868,0.75,731,2025-04-04,07:43:11
46,2025-04-04 07:43:11,18.176,72.3458,"Kolkata, India",FRC1,19,49,1469,390,0.39,1079,2025-04-04,07:43:11
47,2025-04-04 07:43:11,29.555,76.3443,"Lucknow, India",FRC3,37,37,1330,276,1.0,1054,2025-04-04,07:43:11
48,2025-04-04 07:43:11,21.4379,75.8077,"Bhopal, India",FRC2,13,37,334,520,0.35,-186,2025-04-04,07:43:11
49,2025-04-04 07:43:11,20.4816,73.4652,"Chandigarh, India",FRC4,35,25,1273,1153,1.4,120,2025-04-04,07:43:11
50,2025-04-04 07:43:11,21.7179,72.7196,"Taj Mahal, India",FRC2,13,48,1484,791,0.27,693,2025-04-04,07:43:11
51,2025-04-04 07:48:13,27.6068,79.6338,"Agra Fort, India",FRC2,18,49,267,133,0.37,134,2025-04-04,07:48:13
52,2025-04-04 07:48:13,22.6441,74.9663,"India Gate, Delhi, India",FRC3,17,38,345,142,0.45,203,2025-04-04,07:48:13
53,2025-04-04 07:48:13,25.3418,81.9212,"Mumbai, India",FRC1,25,36,1628,239,0.69,1389,2025-04-04,07:48:13
54,2025-04-04 07:48:13,28.0492,77.2149,"Bangalore, India",FRC3,30,40,1006,247,0.75,759,2025-04-04,07:48:13
55,2025-04-04 07:48:13,15.0682,85.6041,"Chennai, India",FRC2,40,30,334,408,1.33,-74,2025-04-04,07:48:13
56,2025-04-04 07:48:13,22.5463,85.9914,"Kolkata, India",FRC1,20,48,1887,1227,0.42,660,2025-04-04,07:48:13
57,2025-04-04 07:48:13,18.5329,76.1767,"Lucknow, India",FRC4,24,47,1937,1781,0.51,156,2025-04-04,07:48:13
58,2025-04-04 07:48:13,13.3812,78.2913,"Bhopal, India",FRC2,14,25,1819,1375,0.56,444,2025-04-04,07:48:13
59,2025-04-04 07:48:13,20.6056,76.705,"Chandigarh, India",FRC3,28,28,1417,542,1.0,875,2025-04-04,07:48:13
60,2025-04-04 07:48:13,25.9439,75.2741,"Taj Mahal, India",FRC2,35,50,304,1639,0.7,-1335,2025-04-04,07:48:13
61,2025-04-04 07:53:13,23.5966,86.3712,"Agra Fort, India",FRC2,13,46,1629,783,0.28,846,2025-04-04,07:53:13
62,2025-04-04 07:53:13,16.4586,78.2574,"India Gate, Delhi, India",FRC2,15,49,347,536,0.31,-189,2025-04-04,07:53:13
63,2025-04-04 07:53:13,14.88,86.4834,"Mumbai, India",FRC2,38,37,924,627,1.03,297,2025-04-04,07:53:13
64,2025-04-04 07:53:13,12.6394,83.5228,"Bangalore, India",FRC2,11,26,386,350,0.42,36,2025-04-04,07:53:13
65,2025-04-04 07:53:13,20.3675,78.8464,"Chennai, India",FRC2,28,29,1956,621,0.97,1335,2025-04-04,07:53:13
66,2025-04-04 07:53:13,27.2442,77.0027,"Kolkata, India",FRC2,28,45,739,929,0.62,-190,2025-04-04,07:53:13
67,2025-04-04 07:53:13,28.5637,81.9901,"Lucknow, India",FRC3,13,26,1185,1665,0.5,-480,2025-04-04,07:53:13
68,2025-04-04 07:53:13,16.6737,74.9262,"Bhopal, India",FRC3,23,42,222,1409,0.55,-1187,2025-04-04,07:53:13
69,2025-04-04 07:53:13,20.996,82.6333,"Chandigarh, India",FRC2,16,45,755,1439,0.36,-684,2025-04-04,07:53:13
70,2025-04-04 07:53:13,13.0635,72.45,"Taj Mahal, India",FRC1,33,40,1007,339,0.82,668,2025-04-04,07:53:13
71,2025-04-04 11:28:12,17.3761,81.6265,"Agra Fort, India",FRC1,18,47,1056,724,0.38,332,2025-04-04,11:28:12
72,2025-04-04 11:28:12,23.0163,86.6207,"India Gate, Delhi, India",FRC1,32,27,622,281,1.19,341,2025-04-04,11:28:12
73,2025-04-04 11:28:12,13.518,87.2949,"Mumbai, India",FRC1,24,44,1137,1259,0.55,-122,2025-04-04,11:28:12
74,2025-04-04 11:28:12,26.4402,81.0631,"Bangalore, India",FRC1,18,43,456,146,0.42,310,2025-04-04,11:28:12
75,2025-04-04 11:28:12,13.5419,86.2331,"Chennai, India",FRC4,37,31,1638,379,1.19,1259,2025-04-04,11:28:12
76,2025-04-04 11:28:12,15.424,81.3851,"Kolkata, India",FRC2,16,20,1229,1557,0.8,-328,2025-04-04,11:28:12
77,2025-04-04 11:28:12,14.2453,84.1781,"Lucknow, India",FRC4,26,39,1332,1640,0.67,-308,2025-04-04,11:28:12
78,2025-04-04 11:28:12,15.7368,82.607,"Bhopal, India",FRC3,24,43,1318,1572,0.56,-254,2025-04-04,11:28:12
79,2025-04-04 11:28:12,12.5165,81.6468,"Chandigarh, India",FRC2,37,37,981,1532,1.0,-551,2025-04-04,11:28:12
80,2025-04-04 11:28:12,20.3921,87.1523,"Taj Mahal, India",FRC2,16,27,1809,518,0.59,1291,2025-04-04,11:28:12
81,2025-04-04 11:33:13,28.4854,80.0085,"Agra Fort, India",FRC2,12,27,1926,1350,0.44,576,2025-04-04,11:33:13
82,2025-04-04 11:33:13,28.777,81.5575,"India Gate, Delhi, India",FRC3,10,46,359,1303,0.22,-944,2025-04-04,11:33:13
83,2025-04-04 11:33:13,16.2886,74.4033,"Mumbai, India",FRC2,37,38,1533,928,0.97,605,2025-04-04,11:33:13
84,2025-04-04 11:33:13,22.9991,84.1274,"Bangalore, India",FRC4,29,25,253,1387,1.16,-1134,2025-04-04,11:33:13
85,2025-04-04 11:33:13,22.9129,78.992,"Chennai, India",FRC1,21,28,1832,192,0.75,1640,2025-04-04,11:33:13
86,2025-04-04 11:33:13,16.4529,84.0081,"Kolkata, India",FRC3,24,47,1182,1277,0.51,-95,2025-04-04,11:33:13
87,2025-04-04 11:33:13,15.1596,85.2903,"Lucknow, India",FRC3,13,39,412,776,0.33,-364,2025-04-04,11:33:13
88,2025-04-04 11:33:13,27.4583,73.9371,"Bhopal, India",FRC2,27,36,853,1412,0.75,-559,2025-04-04,11:33:13
89,2025-04-04 11:33:13,12.0063,84.3001,"Chandigarh, India",FRC3,33,37,283,933,0.89,-650,2025-04-04,11:33:13
90,2025-04-04 11:33:13,15.6779,72.6267,"Taj Mahal, India",FRC1,35,43,229,528,0.81,-299,2025-04-04,11:33:13
91,2025-04-07 09:20:18,23.0487,77.5795,"Agra Fort, India",FRC1,17,34,392,344,0.5,48,2025-04-07,09:20:18
92,2025-04-07 09:20:18,18.5445,74.1375,"India Gate, Delhi, India",FRC1,39,39,1422,1213,1.0,209,2025-04-07,09:20:18
93,2025-04-07 09:20:18,15.7268,87.2265,"Mumbai, India",FRC2,24,23,1980,292,1.04,1688,2025-04-07,09:20:18
94,2025-04-07 09:20:18,14.8687,77.5348,"Bangalore, India",FRC4,15,38,1322,487,0.39,835,2025-04-07,09:20:18
95,2025-04-07 09:20:18,26.8272,87.6793,"Chennai, India",FRC1,17,37,1635,292,0.46,1343,2025-04-07,09:20:18
96,2025-04-07 09:20:18,19.4383,77.9333,"Kolkata, India",FRC2,35,26,1779,473,1.35,1306,2025-04-07,09:20:18
97,2025-04-07 09:20:18,16.2208,79.702,"Lucknow, India",FRC2,11,36,365,836,0.31,-471,2025-04-07,09:20:18
98,2025-04-07 09:20:18,12.8352,74.6021,"Bhopal, India",FRC1,20,29,642,1379,0.69,-737,2025-04-07,09:20:18
99,2025-04-07 09:20:18,13.2872,76.829,"Chandigarh, India",FRC1,32,36,1957,99,0.89,1858,2025-04-07,09:20:18
100,2025-04-07 09:20:18,20.5705,79.6001,"Taj Mahal, India",FRC2,32,20,1418,774,1.6,644,2025-04-07,09:20:18
101,2025-04-07 10:05:48,25.6596,76.5009,"Agra Fort, India",FRC4,19,47,196,1779,0.4,-1583,2025-04-07,10:05:48
102,2025-04-07 10:05:48,19.351,82.3294,"India Gate, Delhi, India",FRC4,13,50,924,485,0.26,439,2025-04-07,10:05:48
103,2025-04-07 10:05:48,15.9573,78.9677,"Mumbai, India",FRC2,16,42,571,704,0.38,-133,2025-04-07,10:05:48
104,2025-04-07 10:05:48,20.9842,86.1286,"Bangalore, India",FRC1,31,47,1024,1249,0.66,-225,2025-04-07,10:05:48
105,2025-04-07 10:05:48,22.9825,74.3554,"Chennai, India",FRC1,20,34,1963,1569,0.59,394,2025-04-07,10:05:48
106,2025-04-07 10:05:48,19.7094,86.2326,"Kolkata, India",FRC3,10,41,164,1477,0.24,-1313,2025-04-07,10:05:48
107,2025-04-07 10:05:48,14.0791,82.3356,"Lucknow, India",FRC1,10,26,1854,1346,0.38,508,2025-04-07,10:05:48
108,2025-04-07 10:05:48,18.2045,76.4068,"Bhopal, India",FRC4,23,27,556,882,0.85,-326,2025-04-07,10:05:48
109,2025-04-07 10:05:48,21.4143,86.5677,"Chandigarh, India",FRC3,10,21,1770,1619,0.48,151,2025-04-07,10:05:48
110,2025-04-07 10:05:48,25.2845,76.9316,"Taj Mahal, India",FRC1,33,47,798,110,0.7,688,2025-04-07,10:05:48
111,2025-04-07 10:18:39,18.8252,86.7398,"Agra Fort, India",FRC3,36,26,1197,1096,1.38,101,2025-04-07,10:18:39
112,2025-04-07 10:18:39,19.0178,74.9842,"India Gate, Delhi, India",FRC2,21,32,1003,470,0.66,533,2025-04-07,10:18:39
113,2025-04-07 10:18:39,13.7241,83.1758,"Mumbai, India",FRC2,13,46,1052,1247,0.28,-195,2025-04-07,10:18:39
114,2025-04-07 10:18:39,22.8457,77.2323,"Bangalore, India",FRC3,15,30,1663,1789,0.5,-126,2025-04-07,10:18:39
115,2025-04-07 10:18:39,20.1892,77.1113,"Chennai, India",FRC4,26,30,842,1282,0.87,-440,2025-04-07,10:18:39
116,2025-04-07 10:18:39,15.9476,74.5309,"Kolkata, India",FRC3,35,42,591,1561,0.83,-970,2025-04-07,10:18:39
117,2025-04-07 10:18:39,17.981,82.5184,"Lucknow, India",FRC3,20,47,1504,715,0.43,789,2025-04-07,10:18:39
118,2025-04-07 10:18:39,27.5745,83.0714,"Bhopal, India",FRC3,29,46,1288,1242,0.63,46,2025-04-07,10:18:39
119,2025-04-07 10:18:39,29.6731,72.6571,"Chandigarh, India",FRC4,29,48,1375,850,0.6,525,2025-04-07,10:18:39
120,2025-04-07 10:18:39,29.4238,77.2998,"Taj Mahal, India",FRC1,37,30,1515,337,1.23,1178,2025-04-07,10:18:39
121,2025-04-07 10:21:02,29.5197,76.3694,"Agra Fort, India",FRC3,38,49,294,116,0.78,178,2025-04-07,10:21:02
122,2025-04-07 10:21:02,12.7169,76.5242,"India Gate, Delhi, India",FRC2,10,26,1110,1189,0.38,-79,2025-04-07,10:21:02
123,2025-04-07 10:21:02,22.9089,80.8321,"Mumbai, India",FRC3,35,34,1267,1373,1.03,-106,2025-04-07,10:21:02
124,2025-04-07 10:21:02,12.597,72.2877,"Bangalore, India",FRC4,40,39,1642,1462,1.03,180,2025-04-07,10:21:02
125,2025-04-07 10:21:02,28.5725,83.9598,"Chennai, India",FRC4,27,23,1146,574,1.17,572,2025-04-07,10:21:02
126,2025-04-07 10:21:02,19.6576,86.9191,"Kolkata, India",FRC1,14,30,1837,810,0.47,1027,2025-04-07,10:21:02
127,2025-04-07 10:21:02,21.5794,73.815,"Lucknow, India",FRC2,18,21,1887,694,0.86,1193,2025-04-07,10:21:02
128,2025-04-07 10:21:02,13.9574,83.8039,"Bhopal, India",FRC1,20,39,1521,1373,0.51,148,2025-04-07,10:21:02
129,2025-04-07 10:21:02,25.0867,84.8568,"Chandigarh, India",FRC1,28,22,826,953,1.27,-127,2025-04-07,10:21:02
130,2025-04-07 10:21:02,16.0717,80.1875,"Taj Mahal, India",FRC2,30,43,1763,1333,0.7,430,2025-04-07,10:21:02
131,2025-04-18 10:12:15,17.2378,81.4097,"Agra Fort, India",FRC4,13,50,1889,728,0.26,1161,2025-04-18,10:12:15
132,2025-04-18 10:12:15,25.3918,85.8644,"India Gate, Delhi, India",FRC1,36,33,977,1441,1.09,-464,2025-04-18,10:12:15
133,2025-04-18 10:12:15,13.3692,85.2329,"Mumbai, India",FRC3,26,20,1024,1178,1.3,-154,2025-04-18,10:12:15
134,2025-04-18 10:12:15,12.8153,87.0708,"Bangalore, India",FRC2,16,40,1584,1636,0.4,-52,2025-04-18,10:12:15
135,2025-04-18 10:12:15,14.253,82.9139,"Chennai, India",FRC2,11,39,749,717,0.28,32,2025-04-18,10:12:15
136,2025-04-18 10:12:15,28.2599,78.2246,"Kolkata, India",FRC1,32,31,1178,1016,1.03,162,2025-04-18,10:12:15
137,2025-04-18 10:12:15,21.2982,85.5526,"Lucknow, India",FRC1,17,50,1607,368,0.34,1239,2025-04-18,10:12:15
138,2025-04-18 10:12:15,15.297,83.0961,"Bhopal, India",FRC2,26,36,1697,462,0.72,1235,2025-04-18,10:12:15
139,2025-04-18 10:12:15,22.0757,81.119,"Chandigarh, India",FRC1,13,23,1229,1680,0.57,-451,2025-04-18,10:12:15
140,2025-04-18 10:12:15,15.5231,74.1855,"Taj Mahal, India",FRC4,18,30,1522,774,0.6,748,2025-04-18,10:12:15
141,2025-04-18 13:11:24,23.6408,82.9591,"Agra Fort, India",FRC4,30,36,1981,1592,0.83,389,2025-04-18,13:11:24
142,2025-04-18 13:11:24,28.4451,82.0907,"India Gate, Delhi, India",FRC4,30,27,1223,1754,1.11,-531,2025-04-18,13:11:24
143,2025-04-18 13:11:24,27.699,80.1883,"Mumbai, India",FRC1,11,35,352,929,0.31,-577,2025-04-18,13:11:24
144,2025-04-18 13:11:24,25.2084,74.7725,"Bangalore, India",FRC4,27,21,1814,896,1.29,918,2025-04-18,13:11:24
145,2025-04-18 13:11:24,15.7494,80.7926,"Chennai, India",FRC1,31,27,1001,602,1.15,399,2025-04-18,13:11:24
146,2025-04-18 13:11:24,17.702,79.414,"Kolkata, India",FRC1,27,45,1911,769,0.6,1142,2025-04-18,13:11:24
147,2025-04-18 13:11:24,28.5635,73.4147,"Lucknow, India",FRC1,22,40,1860,1147,0.55,713,2025-04-18,13:11:24
148,2025-04-18 13:11:24,29.7169,84.5004,"Bhopal, India",FRC3,26,45,196,599,0.58,-403,2025-04-18,13:11:24
149,2025-04-18 13:11:24,28.5031,85.6044,"Chandigarh, India",FRC1,32,39,1910,170,0.82,1740,2025-04-18,13:11:24
150,2025-04-18 13:11:24,24.5757,73.0858,"Taj Mahal, India",FRC1,32,23,411,572,1.39,-161,2025-04-18,13:11:24
151,2025-04-18 13:16:15,14.8346,76.113,"Agra Fort, India",FRC4,19,31,1116,1340,0.61,-224,2025-04-18,13:16:15
152,2025-04-18 13:16:15,14.6244,77.7575,"India Gate, Delhi, India",FRC3,37,27,394,190,1.37,204,2025-04-18,13:16:15
153,2025-04-18 13:16:15,16.3118,80.3042,"Mumbai, India",FRC1,31,24,1589,1159,1.29,430,2025-04-18,13:16:15
154,2025-04-18 13:16:15,20.1185,83.7043,"Bangalore, India",FRC4,13,33,632,1637,0.39,-1005,2025-04-18,13:16:15
155,2025-04-18 13:16:15,17.0679,83.6598,"Chennai, India",FRC3,23,21,883,783,1.1,100,2025-04-18,13:16:15
156,2025-04-18 13:16:15,26.4374,80.9811,"Kolkata, India",FRC3,21,34,1078,1266,0.62,-188,2025-04-18,13:16:15
157,2025-04-18 13:16:15,18.8678,81.9315,"Lucknow, India",FRC4,16,39,1484,1052,0.41,432,2025-04-18,13:16:15
158,2025-04-18 13:16:15,26.4045,82.3126,"Bhopal, India",FRC2,39,39,1753,892,1.0,861,2025-04-18,13:16:15
159,2025-04-18 13:16:15,29.8995,73.0404,"Chandigarh, India",FRC2,12,21,1853,1409,0.57,444,2025-04-18,13:16:15
160,2025-04-18 13:16:15,28.6472,83.1839,"Taj Mahal, India",FRC4,35,21,1444,1205,1.67,239,2025-04-18,13:16:15
161,2025-04-18 17:26:47,29.6474,74.9668,"Agra Fort, India",FRC4,32,48,818,86,0.67,732,2025-04-18,17:26:47
162,2025-04-18 17:26:47,24.0081,84.541,"India Gate, Delhi, India",FRC1,12,48,373,624,0.25,-251,2025-04-18,17:26:47
163,2025-04-18 17:26:47,25.7801,85.9446,"Mumbai, India",FRC3,39,25,1839,1075,1.56,764,2025-04-18,17:26:47
164,2025-04-18 17:26:47,17.7812,85.9304,"Bangalore, India",FRC3,24,46,1784,1455,0.52,329,2025-04-18,17:26:47
165,2025-04-18 17:26:47,15.7292,72.5413,"Chennai, India",FRC2,38,35,1541,212,1.09,1329,2025-04-18,17:26:47
166,2025-04-18 17:26:47,28.7539,82.9137,"Kolkata, India",FRC3,31,47,882,1486,0.66,-604,2025-04-18,17:26:47
167,2025-04-18 17:26:47,29.7359,72.6308,"Lucknow, India",FRC3,25,22,1067,1695,1.14,-628,2025-04-18,17:26:47
168,2025-04-18 17:26:47,21.3027,82.5753,"Bhopal, India",FRC1,32,49,665,1741,0.65,-1076,2025-04-18,17:26:47
169,2025-04-18 17:26:47,24.6983,74.8111,"Chandigarh, India",FRC3,22,37,511,1699,0.59,-1188,2025-04-18,17:26:47
170,2025-04-18 17:26:47,28.22,72.3902,"Taj Mahal, India",FRC4,12,40,1151,1132,0.3,19,2025-04-18,17:26:47
171,2025-04-18 17:31:45,15.8464,84.4067,"Agra Fort, India",FRC3,40,39,509,436,1.03,73,2025-04-18,17:31:45
172,2025-04-18 17:31:45,15.5034,85.4158,"India Gate, Delhi, India",FRC3,31,50,743,1275,0.62,-532,2025-04-18,17:31:45
173,2025-04-18 17:31:45,20.1366,83.5926,"Mumbai, India",FRC2,25,23,146,869,1.09,-723,2025-04-18,17:31:45
174,2025-04-18 17:31:45,14.4874,85.4028,"Bangalore, India",FRC3,23,48,649,1747,0.48,-1098,2025-04-18,17:31:45
175,2025-04-18 17:31:45,28.4131,74.9306,"Chennai, India",FRC3,10,30,1290,1157,0.33,133,2025-04-18,17:31:45
176,2025-04-18 17:31:45,27.3977,83.5143,"Kolkata, India",FRC4,21,28,1221,477,0.75,744,2025-04-18,17:31:45
177,2025-04-18 17:31:45,17.4368,81.3094,"Lucknow, India",FRC1,15,28,413,1581,0.54,-1168,2025-04-18,17:31:45
178,2025-04-18 17:31:45,22.226,73.2749,"Bhopal, India",FRC1,12,23,1345,1282,0.52,63,2025-04-18,17:31:45
179,2025-04-18 17:31:45,24.8636,77.2833,"Chandigarh, India",FRC3,19,40,609,1654,0.47,-1045,2025-04-18,17:31:45
180,2025-04-18 17:31:45,12.8864,73.7457,"Taj Mahal, India",FRC4,18,29,359,1290,0.62,-931,2025-04-18,17:31:45
181,2025-04-18 17:36:47,13.4445,77.5773,"Agra Fort, India",FRC4,17,39,508,699,0.44,-191,2025-04-18,17:36:47
182,2025-04-18 17:36:47,27.9153,80.5591,"India Gate, Delhi, India",FRC4,24,35,1339,1085,0.69,254,2025-04-18,17:36:47
183,2025-04-18 17:36:47,18.6013,87.4089,"Mumbai, India",FRC3,29,32,1536,430,0.91,1106,2025-04-18,17:36:47
184,2025-04-18 17:36:47,12.4992,79.7927,"Bangalore, India",FRC3,24,20,400,1193,1.2,-793,2025-04-18,17:36:47
185,2025-04-18 17:36:47,18.2507,84.16,"Chennai, India",FRC3,32,43,173,336,0.74,-163,2025-04-18,17:36:47
186,2025-04-18 17:36:47,14.6966,79.824,"Kolkata, India",FRC1,33,27,851,735,1.22,116,2025-04-18,17:36:47
187,2025-04-18 17:36:47,18.9377,75.2717,"Lucknow, India",FRC4,25,49,965,129,0.51,836,2025-04-18,17:36:47
188,2025-04-18 17:36:47,13.7272,86.7545,"Bhopal, India",FRC1,11,43,717,1774,0.26,-1057,2025-04-18,17:36:47
189,2025-04-18 17:36:47,25.0639,74.3606,"Chandigarh, India",FRC3,37,41,733,171,0.9,562,2025-04-18,17:36:47
190,2025-04-18 17:36:47,13.1848,82.8403,"Taj Mahal, India",FRC4,29,24,631,540,1.21,91,2025-04-18,17:36:47
191,2025-04-19 18:08:00,22.1415,80.7697,"Agra Fort, India",FRC1,17,30,1978,1724,0.57,254,2025-04-19,18:08:00
192,2025-04-19 18:08:00,23.1181,84.2281,"India Gate, Delhi, India",FRC4,38,38,1484,977,1.0,507,2025-04-19,18:08:00
193,2025-04-19 18:08:00,20.5748,72.0765,"Mumbai, India",FRC4,34,41,1996,966,0.83,1030,2025-04-19,18:08:00
194,2025-04-19 18:08:00,21.1945,85.1836,"Bangalore, India",FRC1,27,29,1919,203,0.93,1716,2025-04-19,18:08:00
195,2025-04-19 18:08:00,22.5223,81.8064,"Chennai, India",FRC4,16,48,1864,1067,0.33,797,2025-04-19,18:08:00
196,2025-04-19 18:08:00,26.9939,87.2153,"Kolkata, India",FRC2,21,44,1633,1220,0.48,413,2025-04-19,18:08:00
197,2025-04-19 18:08:00,16.8484,82.1029,"Lucknow, India",FRC3,20,26,1373,1410,0.77,-37,2025-04-19,18:08:00
198,2025-04-19 18:08:00,28.1475,80.4313,"Bhopal, India",FRC1,13,48,270,1715,0.27,-1445,2025-04-19,18:08:00
199,2025-04-19 18:08:00,25.2036,75.7044,"Chandigarh, India",FRC4,26,25,565,698,1.04,-133,2025-04-19,18:08:00
200,2025-04-19 18:08:00,13.2623,84.5628,"Taj Mahal, India",FRC4,39,48,1849,1361,0.81,488,2025-04-19,18:08:00
201,2025-04-22 13:18:58,13.2296,76.5865,"Agra Fort, India",FRC2,17,32,1857,355,0.53,1502,2025-04-22,13:18:58
202,2025-04-22 13:18:58,20.0918,76.8703,"India Gate, Delhi, India",FRC4,38,41,215,968,0.93,-753,2025-04-22,13:18:58
203,2025-04-22 13:18:58,18.7725,74.1775,"Mumbai, India",FRC1,25,27,864,643,0.93,221,2025-04-22,13:18:58
204,2025-04-22 13:18:58,12.1251,76.4956,"Bangalore, India",FRC3,32,24,1071,1115,1.33,-44,2025-04-22,13:18:58
205,2025-04-22 13:18:58,15.8456,81.1671,"Chennai, India",FRC3,18,21,545,885,0.86,-340,2025-04-22,13:18:58
206,2025-04-22 13:18:58,24.5026,80.5418,"Kolkata, India",FRC1,27,35,934,1706,0.77,-772,2025-04-22,13:18:58
207,2025-04-22 13:18:58,26.4542,79.1697,"Lucknow, India",FRC2,31,30,467,1073,1.03,-606,2025-04-22,13:18:58
208,2025-04-22 13:18:58,16.6555,84.9972,"Bhopal, India",FRC3,11,37,453,358,0.3,95,2025-04-22,13:18:58
209,2025-04-22 13:18:58,15.9738,74.6533,"Chandigarh, India",FRC3,14,45,1287,1165,0.31,122,2025-04-22,13:18:58
210,2025-04-22 13:18:58,16.3715,86.1543,"Taj Mahal, India",FRC4,14,43,1914,1362,0.33,552,2025-04-22,13:18:58
211,2025-04-22 22:28:00,18.5827,73.0534,"Agra Fort, India",FRC4,13,42,800,923,0.31,-123,2025-04-22,22:28:00
212,2025-04-22 22:28:00,25.074,87.2909,"India Gate, Delhi, India",FRC4,10,39,483,572,0.26,-89,2025-04-22,22:28:00
213,2025-04-22 22:28:00,29.5308,85.5868,"Mumbai, India",FRC3,27,37,940,975,0.73,-35,2025-04-22,22:28:00
214,2025-04-22 22:28:00,12.3463,78.0912,"Bangalore, India",FRC1,34,49,679,1247,0.69,-568,2025-04-22,22:28:00
215,2025-04-22 22:28:00,26.036,78.8152,"Chennai, India",FRC1,25,23,983,1240,1.09,-257,2025-04-22,22:28:00
216,2025-04-22 22:28:00,19.3909,79.3454,"Kolkata, India",FRC4,35,42,1500,118,0.83,1382,2025-04-22,22:28:00
217,2025-04-22 22:28:00,18.8275,83.6057,"Lucknow, India",FRC1,33,39,556,1483,0.85,-927,2025-04-22,22:28:00
218,2025-04-22 22:28:00,22.0832,81.3678,"Bhopal, India",FRC4,29,38,420,1706,0.76,-1286,2025-04-22,22:28:00
219,2025-04-22 22:28:00,17.0334,74.7688,"Chandigarh, India",FRC2,39,44,952,1610,0.89,-658,2025-04-22,22:28:00
220,2025-04-22 22:28:00,28.0909,74.016,"Taj Mahal, India",FRC1,26,35,399,837,0.74,-438,2025-04-22,22:28:00
221,2025-04-22 23:15:29,22.7164,84.2311,"Agra Fort, India",FRC3,22,49,439,1142,0.45,-703,2025-04-22,23:15:29
222,2025-04-22 23:15:29,25.6549,77.3155,"India Gate, Delhi, India",FRC1,15,34,1485,1224,0.44,261,2025-04-22,23:15:29
223,2025-04-22 23:15:29,29.6404,83.6193,"Mumbai, India",FRC3,21,41,295,1419,0.51,-1124,2025-04-22,23:15:29
224,2025-04-22 23:15:29,24.947,80.4299,"Bangalore, India",FRC1,13,34,833,59,0.38,774,2025-04-22,23:15:29
225,2025-04-22 23:15:29,16.0833,72.5033,"Chennai, India",FRC2,24,49,644,1181,0.49,-537,2025-04-22,23:15:29
226,2025-04-22 23:15:29,16.1587,76.685,"Kolkata, India",FRC3,14,24,827,1554,0.58,-727,2025-04-22,23:15:29
227,2025-04-22 23:15:29,18.7715,86.2469,"Lucknow, India",FRC3,10,46,1484,779,0.22,705,2025-04-22,23:15:29
228,2025-04-22 23:15:29,16.7357,79.9751,"Bhopal, India",FRC2,13,42,395,621,0.31,-226,2025-04-22,23:15:29
229,2025-04-22 23:15:29,12.6254,77.0356,"Chandigarh, India",FRC3,15,23,451,1483,0.65,-1032,2025-04-22,23:15:29
230,2025-04-22 23:15:29,19.6317,82.8854,"Taj Mahal, India",FRC3,30,43,673,250,0.7,423,2025-04-22,23:15:29
231,2025-04-22 23:20:25,23.2026,80.2334,"Agra Fort, India",FRC4,31,34,1209,1146,0.91,63,2025-04-22,23:20:25
232,2025-04-22 23:20:25,17.807,84.0607,"India Gate, Delhi, India",FRC1,25,39,1878,1303,0.64,575,2025-04-22,23:20:25
233,2025-04-22 23:20:25,18.0466,86.1505,"Mumbai, India",FRC3,35,28,1438,1045,1.25,393,2025-04-22,23:20:25
234,2025-04-22 23:20:25,13.4842,82.3357,"Bangalore, India",FRC3,24,50,649,145,0.48,504,2025-04-22,23:20:25
235,2025-04-22 23:20:25,21.9291,82.6853,"Chennai, India",FRC1,36,20,1257,1441,1.8,-184,2025-04-22,23:20:25
236,2025-04-22 23:20:25,24.1477,82.4454,"Kolkata, India",FRC3,10,33,1539,483,0.3,1056,2025-04-22,23:20:25
237,2025-04-22 23:20:25,14.4584,74.2605,"Lucknow, India",FRC1,36,22,1799,1424,1.64,375,2025-04-22,23:20:25
238,2025-04-22 23:20:25,12.0357,87.9122,"Bhopal, India",FRC3,36,22,943,239,1.64,704,2025-04-22,23:20:25
239,2025-04-22 23:20:25,29.1638,82.967,"Chandigarh, India",FRC2,29,32,1578,454,0.91,1124,2025-04-22,23:20:25
240,2025-04-22 23:20:25,23.6712,86.5465,"Taj Mahal, India",FRC2,24,48,1145,987,0.5,158,2025-04-22,23:20:25
241,2025-04-22 23:28:10,20.9576,83.7011,"Agra Fort, India",FRC3,38,22,1063,1441,1.73,-378,2025-04-22,23:28:10
242,2025-04-22 23:28:10,25.3076,79.6593,"India Gate, Delhi, India",FRC2,29,49,1571,1458,0.59,113,2025-04-22,23:28:10
243,2025-04-22 23:28:10,22.0067,79.1092,"Mumbai, India",FRC2,34,30,1394,74,1.13,1320,2025-04-22,23:28:10
244,2025-04-22 23:28:10,15.5827,87.6601,"Bangalore, India",FRC3,20,37,1243,718,0.54,525,2025-04-22,23:28:10
245,2025-04-22 23:28:10,17.7987,74.5691,"Chennai, India",FRC2,32,33,1840,1440,0.97,400,2025-04-22,23:28:10
246,2025-04-22 23:28:10,12.5064,80.8252,"Kolkata, India",FRC2,14,47,1274,375,0.3,899,2025-04-22,23:28:10
247,2025-04-22 23:28:10,27.2771,78.4457,"Lucknow, India",FRC1,34,32,1803,345,1.06,1458,2025-04-22,23:28:10
248,2025-04-22 23:28:10,29.4309,78.9789,"Bhopal, India",FRC2,11,32,1583,1774,0.34,-191,2025-04-22,23:28:10
249,2025-04-22 23:28:10,24.0419,80.792,"Chandigarh, India",FRC3,35,50,207,129,0.7,78,2025-04-22,23:28:10
250,2025-04-22 23:28:10,14.4365,77.8121,"Taj Mahal, India",FRC3,10,23,1597,890,0.43,707,2025-04-22,23:28:10
251,2025-04-22 23:33:11,28.6261,76.3966,"Agra Fort, India",FRC4,18,49,1742,1313,0.37,429,2025-04-22,23:33:11
252,2025-04-22 23:33:11,23.4708,78.5093,"India Gate, Delhi, India",FRC3,14,38,1441,325,0.37,1116,2025-04-22,23:33:11
253,2025-04-22 23:33:11,14.1396,80.676,"Mumbai, India",FRC2,37,49,1662,526,0.76,1136,2025-04-22,23:33:11
254,2025-04-22 23:33:11,18.0817,82.1707,"Bangalore, India",FRC4,15,38,143,1136,0.39,-993,2025-04-22,23:33:11
255,2025-04-22 23:33:11,17.207,77.789,"Chennai, India",FRC1,32,27,1164,80,1.19,1084,2025-04-22,23:33:11
256,2025-04-22 23:33:11,26.2165,74.951,"Kolkata, India",FRC2,15,48,1343,1760,0.31,-417,2025-04-22,23:33:11
257,2025-04-22 23:33:11,13.1985,74.5809,"Lucknow, India",FRC1,39,29,554,880,1.34,-326,2025-04-22,23:33:11
258,2025-04-22 23:33:11,29.6804,77.643,"Bhopal, India",FRC2,28,39,1160,164,0.72,996,2025-04-22,23:33:11
259,2025-04-22 23:33:11,14.3977,76.03,"Chandigarh, India",FRC4,28,33,843,371,0.85,472,2025-04-22,23:33:11
260,2025-04-22 23:33:11,24.882,85.5867,"Taj Mahal, India",FRC4,19,31,1869,542,0.61,1327,2025-04-22,23:33:11
261,2025-04-24 18:40:54,23.517,74.4177,"Agra Fort, India",FRC4,31,43,204,743,0.72,-539,2025-04-24,18:40:54
262,2025-04-24 18:40:54,28.9057,82.2747,"India Gate, Delhi, India",FRC3,39,31,1358,667,1.26,691,2025-04-24,18:40:54
263,2025-04-24 18:40:54,18.1702,76.1902,"Mumbai, India",FRC4,21,28,1482,1736,0.75,-254,2025-04-24,18:40:54
264,2025-04-24 18:40:54,19.2008,86.2786,"Bangalore, India",FRC2,34,23,1710,661,1.48,1049,2025-04-24,18:40:54
265,2025-04-24 18:40:54,27.5858,80.2045,"Chennai, India",FRC2,15,25,934,200,0.6,734,2025-04-24,18:40:54
266,2025-04-24 18:40:54,27.211,87.9894,"Kolkata, India",FRC1,30,37,1812,795,0.81,1017,2025-04-24,18:40:54
267,2025-04-24 18:40:54,25.6499,78.4577,"Lucknow, India",FRC3,18,48,344,115,0.38,229,2025-04-24,18:40:54
268,2025-04-24 18:40:54,24.4257,80.9716,"Bhopal, India",FRC1,18,40,1609,1027,0.45,582,2025-04-24,18:40:54
269,2025-04-24 18:40:54,19.2356,74.1509,"Chandigarh, India",FRC1,34,33,538,1699,1.03,-1161,2025-04-24,18:40:54
270,2025-04-24 18:40:54,13.6242,72.801,"Taj Mahal, India",FRC2,15,24,891,1024,0.62,-133,2025-04-24,18:40:54
271,2025-05-05 20:29:50,17.2981,87.3421,"Agra Fort, India",FRC1,10,23,1693,979,0.43,714,2025-05-05,20:29:50
272,2025-05-05 20:29:50,12.614,74.9397,"India Gate, Delhi, India",FRC4,20,24,1488,1425,0.83,63,2025-05-05,20:29:50
273,2025-05-05 20:29:50,25.8323,76.8493,"Mumbai, India",FRC2,26,20,1380,120,1.3,1260,2025-05-05,20:29:50
274,2025-05-05 20:29:50,21.4678,83.7558,"Bangalore, India",FRC1,26,48,628,924,0.54,-296,2025-05-05,20:29:50
275,2025-05-05 20:29:50,27.1771,77.8135,"Chennai, India",FRC2,40,32,990,1158,1.25,-168,2025-05-05,20:29:50
276,2025-05-05 20:29:50,12.2706,75.7244,"Kolkata, India",FRC2,27,47,1793,650,0.57,1143,2025-05-05,20:29:50
277,2025-05-05 20:29:50,16.7452,79.7175,"Lucknow, India",FRC3,21,33,386,743,0.64,-357,2025-05-05,20:29:50
278,2025-05-05 20:29:50,29.2528,76.7663,"Bhopal, India",FRC2,19,31,737,815,0.61,-78,2025-05-05,20:29:50
279,2025-05-05 20:29:50,18.0201,76.1917,"Chandigarh, India",FRC4,25,31,106,679,0.81,-573,2025-05-05,20:29:50
280,2025-05-05 20:29:50,29.5922,79.8671,"Taj Mahal, India",FRC2,19,23,1746,303,0.83,1443,2025-05-05,20:29:50
281,2025-05-06 14:07:50,17.0662,84.763,"Agra Fort, India",FRC3,29,38,1447,816,0.76,631,2025-05-06,14:07:50
282,2025-05-06 14:07:50,13.4169,82.1103,"India Gate, Delhi, India",FRC3,10,36,144,1681,0.28,-1537,2025-05-06,14:07:50
283,2025-05-06 14:07:50,27.3564,87.5752,"Mumbai, India",FRC1,37,50,1757,1735,0.74,22,2025-05-06,14:07:50
284,2025-05-06 14:07:50,26.7228,86.9913,"Bangalore, India",FRC2,18,37,1310,588,0.49,722,2025-05-06,14:07:50
285,2025-05-06 14:07:50,29.998,74.0101,"Chennai, India",FRC1,13,23,1661,656,0.57,1005,2025-05-06,14:07:50
286,2025-05-06 14:07:50,13.2987,78.9686,"Kolkata, India",FRC4,22,25,1591,96,0.88,1495,2025-05-06,14:07:50
287,2025-05-06 14:07:50,14.7381,76.3639,"Lucknow, India",FRC3,15,40,1501,1066,0.38,435,2025-05-06,14:07:50
288,2025-05-06 14:07:50,19.0018,83.6297,"Bhopal, India",FRC2,10,33,1969,530,0.3,1439,2025-05-06,14:07:50
289,2025-05-06 14:07:50,26.6186,79.3349,"Chandigarh, India",FRC3,31,50,523,90,0.62,433,2025-05-06,14:07:50
290,2025-05-06 14:07:50,13.3479,81.5198,"Taj Mahal, India",FRC2,33,27,895,453,1.22,442,2025-05-06,14:07:50
291,2025-05-08 17:03:48,18.8403,85.918,"Agra Fort, India",FRC1,24,26,323,1137,0.92,-814,2025-05-08,17:03:48
292,2025-05-08 17:03:48,24.9504,72.7945,"India Gate, Delhi, India",FRC4,22,35,751,918,0.63,-167,2025-05-08,17:03:48
293,2025-05-08 17:03:48,25.0647,78.0615,"Mumbai, India",FRC2,14,44,250,458,0.32,-208,2025-05-08,17:03:48
294,2025-05-08 17:03:48,29.4857,76.6634,"Bangalore, India",FRC3,14,37,634,622,0.38,12,2025-05-08,17:03:48
295,2025-05-08 17:03:48,22.2068,83.7625,"Chennai, India",FRC2,35,30,1060,1024,1.17,36,2025-05-08,17:03:48
296,2025-05-08 17:03:48,13.9387,86.8839,"Kolkata, India",FRC3,32,39,1533,1425,0.82,108,2025-05-08,17:03:48
297,2025-05-08 17:03:48,12.6702,74.2253,"Lucknow, India",FRC3,34,38,277,436,0.89,-159,2025-05-08,17:03:48
298,2025-05-08 17:03:48,26.3791,79.5853,"Bhopal, India",FRC2,13,37,703,861,0.35,-158,2025-05-08,17:03:48
299,2025-05-08 17:03:48,21.5104,85.7615,"Chandigarh, India",FRC1,11,44,1496,366,0.25,1130,2025-05-08,17:03:48
300,2025-05-08 17:03:48,19.047,74.1146,"Taj Mahal, India",FRC3,23,22,1135,1223,1.05,-88,2025-05-08,17:03:48
301,2025-05-09 21:06:44,25.2838,78.591,"Agra Fort, India",FRC1,31,40,716,180,0.78,536,2025-05-09,21:06:44
302,2025-05-09 21:06:44,12.127,85.6068,"India Gate, Delhi, India",FRC4,17,40,433,911,0.42,-478,2025-05-09,21:06:44
303,2025-05-09 21:06:44,27.228,74.9198,"Mumbai, India",FRC4,33,35,254,733,0.94,-479,2025-05-09,21:06:44
304,2025-05-09 21:06:44,13.5751,78.0322,"Bangalore, India",FRC3,31,24,229,452,1.29,-223,2025-05-09,21:06:44
305,2025-05-09 21:06:44,20.1202,82.2107,"Chennai, India",FRC2,31,24,202,966,1.29,-764,2025-05-09,21:06:44
306,2025-05-09 21:06:44,18.8212,74.3349,"Kolkata, India",FRC1,24,25,888,1049,0.96,-161,2025-05-09,21:06:44
307,2025-05-09 21:06:44,24.8097,74.8187,"Lucknow, India",FRC3,31,50,1887,1177,0.62,710,2025-05-09,21:06:44
308,2025-05-09 21:06:44,14.6663,83.9531,"Bhopal, India",FRC1,20,23,966,717,0.87,249,2025-05-09,21:06:44
309,2025-05-09 21:06:44,12.2413,78.1129,"Chandigarh, India",FRC3,25,29,1982,1748,0.86,234,2025-05-09,21:06:44
310,2025-05-09 21:06:44,25.6164,86.9897,"Taj Mahal, India",FRC1,35,27,807,1075,1.3,-268,2025-05-09,21:06:44
311,2025-05-11 11:34:10,19.3609,76.3998,"Agra Fort, India",FRC2,33,34,130,1316,0.97,-1186,2025-05-11,11:34:10
312,2025-05-11 11:34:10,16.2942,74.0355,"India Gate, Delhi, India",FRC4,28,23,1546,1713,1.22,-167,2025-05-11,11:34:10
313,2025-05-11 11:34:10,19.8627,72.7132,"Mumbai, India",FRC3,21,20,225,1629,1.05,-1404,2025-05-11,11:34:10
314,2025-05-11 11:34:10,16.6713,84.4091,"Bangalore, India",FRC3,14,30,593,773,0.47,-180,2025-05-11,11:34:10
315,2025-05-11 11:34:10,22.2865,81.5791,"Chennai, India",FRC1,35,26,1188,1688,1.35,-500,2025-05-11,11:34:10
316,2025-05-11 11:34:10,22.5894,74.2622,"Kolkata, India",FRC1,40,38,811,728,1.05,83,2025-05-11,11:34:10
317,2025-05-11 11:34:10,21.0138,77.5103,"Lucknow, India",FRC2,32,31,1090,670,1.03,420,2025-05-11,11:34:10
318,2025-05-11 11:34:10,23.3784,72.1912,"Bhopal, India",FRC4,29,37,275,1171,0.78,-896,2025-05-11,11:34:10
319,2025-05-11 11:34:10,14.0443,81.6381,"Chandigarh, India",FRC1,16,31,1893,1108,0.52,785,2025-05-11,11:34:10
320,2025-05-11 11:34:10,28.0416,73.7459,"Taj Mahal, India",FRC3,10,22,1650,211,0.45,1439,2025-05-11,11:34:10
321,2025-05-12 17:45:30,26.9354,81.3823,"Agra Fort, India",FRC1,40,26,137,861,1.54,-724,2025-05-12,17:45:30
322,2025-05-12 17:45:30,21.7694,87.1195,"India Gate, Delhi, India",FRC2,22,39,1455,1577,0.56,-122,2025-05-12,17:45:30
323,2025-05-12 17:45:30,25.1825,78.466,"Mumbai, India",FRC1,30,23,1173,838,1.3,335,2025-05-12,17:45:30
324,2025-05-12 17:45:30,23.3018,81.2285,"Bangalore, India",FRC1,13,22,1513,73,0.59,1440,2025-05-12,17:45:30
325,2025-05-12 17:45:30,28.9439,81.4462,"Chennai, India",FRC3,21,29,1781,1105,0.72,676,2025-05-12,17:45:30
326,2025-05-12 17:45:30,28.7997,83.4341,"Kolkata, India",FRC1,36,24,477,712,1.5,-235,2025-05-12,17:45:30
327,2025-05-12 17:45:30,14.1889,81.8877,"Lucknow, India",FRC1,37,46,1647,649,0.8,998,2025-05-12,17:45:30
328,2025-05-12 17:45:30,21.2492,87.5907,"Bhopal, India",FRC4,33,44,1310,253,0.75,1057,2025-05-12,17:45:30
329,2025-05-12 17:45:30,14.0983,73.4666,"Chandigarh, India",FRC1,16,49,473,945,0.33,-472,2025-05-12,17:45:30
330,2025-05-12 17:45:30,23.7611,86.9336,"Taj Mahal, India",FRC2,20,44,906,1621,0.45,-715,2025-05-12,17:45:30
331,2025-05-13 08:37:05,21.1069,81.4644,"Agra Fort, India",FRC2,28,25,1651,918,1.12,733,2025-05-13,08:37:05
332,2025-05-13 08:37:05,26.9888,84.6403,"India Gate, Delhi, India",FRC4,15,37,1240,355,0.41,885,2025-05-13,08:37:05
333,2025-05-13 08:37:05,15.8642,82.2326,"Mumbai, India",FRC4,31,41,274,113,0.76,161,2025-05-13,08:37:05
334,2025-05-13 08:37:05,24.7418,73.2443,"Bangalore, India",FRC3,31,37,1233,632,0.84,601,2025-05-13,08:37:05
335,2025-05-13 08:37:05,16.0536,73.8701,"Chennai, India",FRC3,25,30,1986,1420,0.83,566,2025-05-13,08:37:05
336,2025-05-13 08:37:05,19.3344,73.4396,"Kolkata, India",FRC4,32,46,1969,490,0.7,1479,2025-05-13,08:37:05
337,2025-05-13 08:37:05,14.5621,80.8618,"Lucknow, India",FRC1,18,36,1920,1384,0.5,536,2025-05-13,08:37:05
338,2025-05-13 08:37:05,19.9968,86.9747,"Bhopal, India",FRC4,23,33,1819,1011,0.7,808,2025-05-13,08:37:05
339,2025-05-13 08:37:05,28.6145,87.3252,"Chandigarh, India",FRC1,13,28,1448,488,0.46,960,2025-05-13,08:37:05
340,2025-05-13 08:37:05,12.0891,81.1766,"Taj Mahal, India",FRC4,36,41,300,1692,0.88,-1392,2025-05-13,08:37:05
341,2025-12-21 16:24:40.740643,27.1767,78.0081,Unknown,FRC2,16,27,1147,679,0.5925925925925926,468,2025-12-21,16:24:40.740643
342,2025-12-21 16:24:41.638881,27.1879,78.0129,Unknown,FRC2,19,26,1232,900,0.7307692307692307,332,2025-12-21,16:24:41.638881
343,2025-12-21 16:24:42.442982,28.6129,77.2295,Unknown,FRC1,23,39,252,149,0.5897435897435898,103,2025-12-21,16:24:42.442982
344,2025-12-21 16:24:43.268859,19.076,72.8777,Unknown,FRC4,14,20,188,132,0.7,56,2025-12-21,16:24:43.268859
345,2025-12-21 16:24:43.923051,12.9716,77.5946,Unknown,FRC2,20,26,1736,1335,0.7692307692307693,401,2025-12-21,16:24:43.923051
346,2025-12-21 16:24:44.635918,13.0827,80.2707,Unknown,FRC2,20,23,467,406,0.8695652173913043,61,2025-12-21,16:24:44.635918
347,2025-12-21 16:24:45.462991,22.5726,88.3639,Unknown,FRC3,23,23,141,141,1.0,0,2025-12-21,16:24:45.462991
348,2025-12-21 16:24:46.861910,26.8467,80.9462,Unknown,FRC2,21,30,2625,1837,0.7,788,2025-12-21,16:24:46.861910
349,2025-12-21 16:24:48.769965,23.2599,77.4126,Unknown,FRC4,17,20,578,491,0.85,87,2025-12-21,16:24:48.769965
350,2025-12-21 16:24:49.720558,30.7333,76.7794,Unknown,FRC3,17,21,4,3,0.8095238095238095,1,2025-12-21,16:24:49.720558
351,2025-12-21 16:36:36.799673,30.7333,76.7794,Unknown,FRC3,17,21,4,3,0.8095238095238095,1,2025-12-21,16:36:36.799673
